StartDate,EndDate,Progress,Duration (in seconds),Finished,RecordedDate,ResponseId,RecipientLastName,RecipientFirstName,RecipientEmail,ExternalReference,DistributionChannel,UserLanguage,Q15,Q3_1,Q3_2,Q3_3,Q3_4,Q3_5,Q3_6,Q3_7,Q3_8,Q3_9,Q3_10,Q3_11,Q3_12,Q3_13,Q3_14,Q3_15,Q3_16,Q3_17,Q3_18,Q3_19,Q3_20,Q3_21,Q3_22,Q3_23,Q3_24,Q3_25,Q3_26,Q3_27,Q3_28,Q3_29,Q3_30,Q3_31,Q3_32,Q3_33,Q3_34,Q3_35,Q3_36,Q3_37,Q3_38,Q4,Q22_1,Q22_2,Q22_3,Q22_4,Q22_5,Q22_6,Q22_7,Q22_8,Q22_9,Q22_10,Q22_11,Q22_12,Q22_13,Q22_14,Q22_15,Q22_16,Q22_17,Q22_18,Q22_19,Q22_20,Q22_21,Q22_22,Q22_23,Q22_24,Q22_25,Q22_26,Q22_27,Q22_28,Q22_29,Q22_30,Q22_31,Q22_32,Q22_33,Q22_34,Q22_35,Q22_36,Q22_37,Q22_38,Q7,Q23_1,Q23_2,Q23_3,Q23_4,Q23_5,Q23_6,Q23_7,Q23_8,Q23_9,Q23_10,Q23_11,Q23_12,Q23_13,Q23_14,Q23_15,Q23_16,Q23_17,Q23_18,Q23_19,Q23_20,Q23_21,Q23_22,Q23_23,Q23_24,Q23_25,Q23_26,Q23_27,Q23_28,Q23_29,Q23_30,Q23_31,Q23_32,Q23_33,Q23_34,Q23_35,Q23_36,Q23_37,Q23_38,Q10,Q24_1,Q24_2,Q24_3,Q24_4,Q24_5,Q24_6,Q24_7,Q24_8,Q24_9,Q24_10,Q24_11,Q24_12,Q24_13,Q24_14,Q24_15,Q24_16,Q24_17,Q24_18,Q24_19,Q24_20,Q24_21,Q24_22,Q24_23,Q24_24,Q24_25,Q24_26,Q24_27,Q24_28,Q24_29,Q24_30,Q24_31,Q24_32,Q24_33,Q24_34,Q24_35,Q24_36,Q24_37,Q24_38,Q17,Q25_1,Q25_2,Q25_3,Q25_4,Q25_5,Q25_6,Q25_7,Q25_8,Q25_9,Q25_10,Q25_11,Q25_12,Q25_13,Q25_14,Q25_15,Q25_16,Q25_17,Q25_18,Q25_19,Q25_20,Q25_21,Q25_22,Q25_23,Q25_24,Q25_25,Q25_26,Q25_27,Q25_28,Q25_29,Q25_30,Q25_31,Q25_32,Q25_33,Q25_34,Q25_35,Q25_36,Q25_37,Q25_38,Q19,Q27_1,Q27_2,Q27_3,Q27_4,Q27_5,Q27_6,Q27_7,Q27_8,Q27_9,Q27_10,Q27_11,Q27_12,Q27_13,Q27_14,Q27_15,Q27_16,Q27_17,Q27_18,Q27_19,Q27_20,Q27_21,Q27_22,Q27_23,Q27_24,Q27_25,Q27_26,Q27_27,Q27_28,Q27_29,Q27_30,Q27_31,Q27_32,Q27_33,Q27_34,Q27_35,Q27_36,Q27_37,Q27_38,Q21
Start Date,End Date,Progress,Duration (in seconds),Finished,Recorded Date,Response ID,Recipient Last Name,Recipient First Name,Recipient Email,External Data Reference,Distribution Channel,User Language,Please enter your unique identifier below:,Pomarine Jaeger - Combined Scoter Model,Pomarine Jaeger - Combined Phalarope Model,Pomarine Jaeger - Combined Parasitic & Long-tailed Jaeger Model,Pomarine Jaeger - South Polar Skua,Pomarine Jaeger - Rhinoceros Auklet,Pomarine Jaeger - Tufted Puffin,Pomarine Jaeger - Marbled Murrelet,Pomarine Jaeger - Pigeon Guillemot,Pomarine Jaeger - Common Murre,Pomarine Jaeger - Ancient Murrelet,"Pomarine Jaeger - Combined Scripp’s, Guadalupe, & Craveri’s Murrelet Model",Pomarine Jaeger - Sabine’s Gull,Pomarine Jaeger - Bonaparte’s Gull,Pomarine Jaeger - Heermann’s Gull,Pomarine Jaeger - Combined Western & Glaucous-winged Gull Model,Pomarine Jaeger - California Gull,Pomarine Jaeger - Combined Herring & Iceland Gull Model,Pomarine Jaeger - Caspian Tern,Pomarine Jaeger - Combined Common & Arctic Tern Model,Pomarine Jaeger - Combined Royal & Elegant Tern Model,Pomarine Jaeger - Combined Western & Clark’s Grebe Model,Pomarine Jaeger - Red-throated Loon,Pomarine Jaeger - Common Loon,Pomarine Jaeger - Combined Loon Model,Pomarine Jaeger - Black-footed Albatross,Pomarine Jaeger - Fork-tailed Storm-Petrel,Pomarine Jaeger - Leach’s Storm Petrel,Pomarine Jaeger - Black Storm-Petrel,Pomarine Jaeger - Murphy’s Petrel,Pomarine Jaeger - Cook’s Petrel,Pomarine Jaeger - Pink-footed Shearwater,Pomarine Jaeger - Buller’s Shearwater,"Pomarine Jaeger - Combined Short-tailed, Sooty, & Flesh-footed Shearwater Model",Pomarine Jaeger - Black-vented Shearwater,Pomarine Jaeger - Brandt’s Cormorant,Pomarine Jaeger - Pelagic Cormorant,Pomarine Jaeger - Double-crested Cormorant,Pomarine Jaeger - Brown Pelican,Notes/comments (optional),Cassin's Auklet - Combined Scoter Model,Cassin's Auklet - Combined Phalarope Model,Cassin's Auklet - Combined Parasitic & Long-tailed Jaeger Model,Cassin's Auklet - South Polar Skua,Cassin's Auklet - Rhinoceros Auklet,Cassin's Auklet - Tufted Puffin,Cassin's Auklet - Marbled Murrelet,Cassin's Auklet - Pigeon Guillemot,Cassin's Auklet - Common Murre,Cassin's Auklet - Ancient Murrelet,"Cassin's Auklet - Combined Scripp’s, Guadalupe, & Craveri’s Murrelet Model",Cassin's Auklet - Sabine’s Gull,Cassin's Auklet - Bonaparte’s Gull,Cassin's Auklet - Heermann’s Gull,Cassin's Auklet - Combined Western & Glaucous-winged Gull Model,Cassin's Auklet - California Gull,Cassin's Auklet - Combined Herring & Iceland Gull Model,Cassin's Auklet - Caspian Tern,Cassin's Auklet - Combined Common & Arctic Tern Model,Cassin's Auklet - Combined Royal & Elegant Tern Model,Cassin's Auklet - Combined Western & Clark’s Grebe Model,Cassin's Auklet - Red-throated Loon,Cassin's Auklet - Common Loon,Cassin's Auklet - Combined Loon Model,Cassin's Auklet - Black-footed Albatross,Cassin's Auklet - Fork-tailed Storm-Petrel,Cassin's Auklet - Leach’s Storm Petrel,Cassin's Auklet - Black Storm-Petrel,Cassin's Auklet - Murphy’s Petrel,Cassin's Auklet - Cook’s Petrel,Cassin's Auklet - Pink-footed Shearwater,Cassin's Auklet - Buller’s Shearwater,"Cassin's Auklet - Combined Short-tailed, Sooty, & Flesh-footed Shearwater Model",Cassin's Auklet - Black-vented Shearwater,Cassin's Auklet - Brandt’s Cormorant,Cassin's Auklet - Pelagic Cormorant,Cassin's Auklet - Double-crested Cormorant,Cassin's Auklet - Brown Pelican,Notes/comments (optional),Northern Fulmar - Combined Scoter Model,Northern Fulmar - Combined Phalarope Model,Northern Fulmar - Combined Parasitic & Long-tailed Jaeger Model,Northern Fulmar - South Polar Skua,Northern Fulmar - Rhinoceros Auklet,Northern Fulmar - Tufted Puffin,Northern Fulmar - Marbled Murrelet,Northern Fulmar - Pigeon Guillemot,Northern Fulmar - Common Murre,Northern Fulmar - Ancient Murrelet,"Northern Fulmar - Combined Scripp’s, Guadalupe, & Craveri’s Murrelet Model",Northern Fulmar - Sabine’s Gull,Northern Fulmar - Bonaparte’s Gull,Northern Fulmar - Heermann’s Gull,Northern Fulmar - Combined Western & Glaucous-winged Gull Model,Northern Fulmar - California Gull,Northern Fulmar - Combined Herring & Iceland Gull Model,Northern Fulmar - Caspian Tern,Northern Fulmar - Combined Common & Arctic Tern Model,Northern Fulmar - Combined Royal & Elegant Tern Model,Northern Fulmar - Combined Western & Clark’s Grebe Model,Northern Fulmar - Red-throated Loon,Northern Fulmar - Common Loon,Northern Fulmar - Combined Loon Model,Northern Fulmar - Black-footed Albatross,Northern Fulmar - Fork-tailed Storm-Petrel,Northern Fulmar - Leach’s Storm Petrel,Northern Fulmar - Black Storm-Petrel,Northern Fulmar - Murphy’s Petrel,Northern Fulmar - Cook’s Petrel,Northern Fulmar - Pink-footed Shearwater,Northern Fulmar - Buller’s Shearwater,"Northern Fulmar - Combined Short-tailed, Sooty, & Flesh-footed Shearwater Model",Northern Fulmar - Black-vented Shearwater,Northern Fulmar - Brandt’s Cormorant,Northern Fulmar - Pelagic Cormorant,Northern Fulmar - Double-crested Cormorant,Northern Fulmar - Brown Pelican,Notes/comments (optional),Black-legged Kittiwake - Combined Scoter Model,Black-legged Kittiwake - Combined Phalarope Model,Black-legged Kittiwake - Combined Parasitic & Long-tailed Jaeger Model,Black-legged Kittiwake - South Polar Skua,Black-legged Kittiwake - Rhinoceros Auklet,Black-legged Kittiwake - Tufted Puffin,Black-legged Kittiwake - Marbled Murrelet,Black-legged Kittiwake - Pigeon Guillemot,Black-legged Kittiwake - Common Murre,Black-legged Kittiwake - Ancient Murrelet,"Black-legged Kittiwake - Combined Scripp’s, Guadalupe, & Craveri’s Murrelet Model",Black-legged Kittiwake - Sabine’s Gull,Black-legged Kittiwake - Bonaparte’s Gull,Black-legged Kittiwake - Heermann’s Gull,Black-legged Kittiwake - Combined Western & Glaucous-winged Gull Model,Black-legged Kittiwake - California Gull,Black-legged Kittiwake - Combined Herring & Iceland Gull Model,Black-legged Kittiwake - Caspian Tern,Black-legged Kittiwake - Combined Common & Arctic Tern Model,Black-legged Kittiwake - Combined Royal & Elegant Tern Model,Black-legged Kittiwake - Combined Western & Clark’s Grebe Model,Black-legged Kittiwake - Red-throated Loon,Black-legged Kittiwake - Common Loon,Black-legged Kittiwake - Combined Loon Model,Black-legged Kittiwake - Black-footed Albatross,Black-legged Kittiwake - Fork-tailed Storm-Petrel,Black-legged Kittiwake - Leach’s Storm Petrel,Black-legged Kittiwake - Black Storm-Petrel,Black-legged Kittiwake - Murphy’s Petrel,Black-legged Kittiwake - Cook’s Petrel,Black-legged Kittiwake - Pink-footed Shearwater,Black-legged Kittiwake - Buller’s Shearwater,"Black-legged Kittiwake - Combined Short-tailed, Sooty, & Flesh-footed Shearwater Model",Black-legged Kittiwake - Black-vented Shearwater,Black-legged Kittiwake - Brandt’s Cormorant,Black-legged Kittiwake - Pelagic Cormorant,Black-legged Kittiwake - Double-crested Cormorant,Black-legged Kittiwake - Brown Pelican,Notes/comments (optional),Laysan Albatross - Combined Scoter Model,Laysan Albatross - Combined Phalarope Model,Laysan Albatross - Combined Parasitic & Long-tailed Jaeger Model,Laysan Albatross - South Polar Skua,Laysan Albatross - Rhinoceros Auklet,Laysan Albatross - Tufted Puffin,Laysan Albatross - Marbled Murrelet,Laysan Albatross - Pigeon Guillemot,Laysan Albatross - Common Murre,Laysan Albatross - Ancient Murrelet,"Laysan Albatross - Combined Scripp’s, Guadalupe, & Craveri’s Murrelet Model",Laysan Albatross - Sabine’s Gull,Laysan Albatross - Bonaparte’s Gull,Laysan Albatross - Heermann’s Gull,Laysan Albatross - Combined Western & Glaucous-winged Gull Model,Laysan Albatross - California Gull,Laysan Albatross - Combined Herring & Iceland Gull Model,Laysan Albatross - Caspian Tern,Laysan Albatross - Combined Common & Arctic Tern Model,Laysan Albatross - Combined Royal & Elegant Tern Model,Laysan Albatross - Combined Western & Clark’s Grebe Model,Laysan Albatross - Red-throated Loon,Laysan Albatross - Common Loon,Laysan Albatross - Combined Loon Model,Laysan Albatross - Black-footed Albatross,Laysan Albatross - Fork-tailed Storm-Petrel,Laysan Albatross - Leach’s Storm Petrel,Laysan Albatross - Black Storm-Petrel,Laysan Albatross - Murphy’s Petrel,Laysan Albatross - Cook’s Petrel,Laysan Albatross - Pink-footed Shearwater,Laysan Albatross - Buller’s Shearwater,"Laysan Albatross - Combined Short-tailed, Sooty, & Flesh-footed Shearwater Model",Laysan Albatross - Black-vented Shearwater,Laysan Albatross - Brandt’s Cormorant,Laysan Albatross - Pelagic Cormorant,Laysan Albatross - Double-crested Cormorant,Laysan Albatross - Brown Pelican,Notes/comments (optional),Ashy Storm-Petrel - Combined Scoter Model,Ashy Storm-Petrel - Combined Phalarope Model,Ashy Storm-Petrel - Combined Parasitic & Long-tailed Jaeger Model,Ashy Storm-Petrel - South Polar Skua,Ashy Storm-Petrel - Rhinoceros Auklet,Ashy Storm-Petrel - Tufted Puffin,Ashy Storm-Petrel - Marbled Murrelet,Ashy Storm-Petrel - Pigeon Guillemot,Ashy Storm-Petrel - Common Murre,Ashy Storm-Petrel - Ancient Murrelet,"Ashy Storm-Petrel - Combined Scripp’s, Guadalupe, & Craveri’s Murrelet Model",Ashy Storm-Petrel - Sabine’s Gull,Ashy Storm-Petrel - Bonaparte’s Gull,Ashy Storm-Petrel - Heermann’s Gull,Ashy Storm-Petrel - Combined Western & Glaucous-winged Gull Model,Ashy Storm-Petrel - California Gull,Ashy Storm-Petrel - Combined Herring & Iceland Gull Model,Ashy Storm-Petrel - Caspian Tern,Ashy Storm-Petrel - Combined Common & Arctic Tern Model,Ashy Storm-Petrel - Combined Royal & Elegant Tern Model,Ashy Storm-Petrel - Combined Western & Clark’s Grebe Model,Ashy Storm-Petrel - Red-throated Loon,Ashy Storm-Petrel - Common Loon,Ashy Storm-Petrel - Combined Loon Model,Ashy Storm-Petrel - Black-footed Albatross,Ashy Storm-Petrel - Fork-tailed Storm-Petrel,Ashy Storm-Petrel - Leach’s Storm Petrel,Ashy Storm-Petrel - Black Storm-Petrel,Ashy Storm-Petrel - Murphy’s Petrel,Ashy Storm-Petrel - Cook’s Petrel,Ashy Storm-Petrel - Pink-footed Shearwater,Ashy Storm-Petrel - Buller’s Shearwater,"Ashy Storm-Petrel - Combined Short-tailed, Sooty, & Flesh-footed Shearwater Model",Ashy Storm-Petrel - Black-vented Shearwater,Ashy Storm-Petrel - Brandt’s Cormorant,Ashy Storm-Petrel - Pelagic Cormorant,Ashy Storm-Petrel - Double-crested Cormorant,Ashy Storm-Petrel - Brown Pelican,Notes/comments (optional)
"{""ImportId"":""startDate"",""timeZone"":""America/Los_Angeles""}","{""ImportId"":""endDate"",""timeZone"":""America/Los_Angeles""}","{""ImportId"":""progress""}","{""ImportId"":""duration""}","{""ImportId"":""finished""}","{""ImportId"":""recordedDate"",""timeZone"":""America/Los_Angeles""}","{""ImportId"":""_recordId""}","{""ImportId"":""recipientLastName""}","{""ImportId"":""recipientFirstName""}","{""ImportId"":""recipientEmail""}","{""ImportId"":""externalDataReference""}","{""ImportId"":""distributionChannel""}","{""ImportId"":""userLanguage""}","{""ImportId"":""QID15_TEXT""}","{""ImportId"":""QID1_1""}","{""ImportId"":""QID1_2""}","{""ImportId"":""QID1_3""}","{""ImportId"":""QID1_4""}","{""ImportId"":""QID1_5""}","{""ImportId"":""QID1_6""}","{""ImportId"":""QID1_7""}","{""ImportId"":""QID1_8""}","{""ImportId"":""QID1_9""}","{""ImportId"":""QID1_10""}","{""ImportId"":""QID1_11""}","{""ImportId"":""QID1_12""}","{""ImportId"":""QID1_13""}","{""ImportId"":""QID1_14""}","{""ImportId"":""QID1_15""}","{""ImportId"":""QID1_16""}","{""ImportId"":""QID1_17""}","{""ImportId"":""QID1_18""}","{""ImportId"":""QID1_19""}","{""ImportId"":""QID1_20""}","{""ImportId"":""QID1_21""}","{""ImportId"":""QID1_22""}","{""ImportId"":""QID1_23""}","{""ImportId"":""QID1_24""}","{""ImportId"":""QID1_25""}","{""ImportId"":""QID1_26""}","{""ImportId"":""QID1_27""}","{""ImportId"":""QID1_28""}","{""ImportId"":""QID1_29""}","{""ImportId"":""QID1_30""}","{""ImportId"":""QID1_31""}","{""ImportId"":""QID1_32""}","{""ImportId"":""QID1_33""}","{""ImportId"":""QID1_34""}","{""ImportId"":""QID1_35""}","{""ImportId"":""QID1_36""}","{""ImportId"":""QID1_37""}","{""ImportId"":""QID1_38""}","{""ImportId"":""QID4_TEXT""}","{""ImportId"":""QID22_1""}","{""ImportId"":""QID22_2""}","{""ImportId"":""QID22_3""}","{""ImportId"":""QID22_4""}","{""ImportId"":""QID22_5""}","{""ImportId"":""QID22_6""}","{""ImportId"":""QID22_7""}","{""ImportId"":""QID22_8""}","{""ImportId"":""QID22_9""}","{""ImportId"":""QID22_10""}","{""ImportId"":""QID22_11""}","{""ImportId"":""QID22_12""}","{""ImportId"":""QID22_13""}","{""ImportId"":""QID22_14""}","{""ImportId"":""QID22_15""}","{""ImportId"":""QID22_16""}","{""ImportId"":""QID22_17""}","{""ImportId"":""QID22_18""}","{""ImportId"":""QID22_19""}","{""ImportId"":""QID22_20""}","{""ImportId"":""QID22_21""}","{""ImportId"":""QID22_22""}","{""ImportId"":""QID22_23""}","{""ImportId"":""QID22_24""}","{""ImportId"":""QID22_25""}","{""ImportId"":""QID22_26""}","{""ImportId"":""QID22_27""}","{""ImportId"":""QID22_28""}","{""ImportId"":""QID22_29""}","{""ImportId"":""QID22_30""}","{""ImportId"":""QID22_31""}","{""ImportId"":""QID22_32""}","{""ImportId"":""QID22_33""}","{""ImportId"":""QID22_34""}","{""ImportId"":""QID22_35""}","{""ImportId"":""QID22_36""}","{""ImportId"":""QID22_37""}","{""ImportId"":""QID22_38""}","{""ImportId"":""QID5_TEXT""}","{""ImportId"":""QID23_1""}","{""ImportId"":""QID23_2""}","{""ImportId"":""QID23_3""}","{""ImportId"":""QID23_4""}","{""ImportId"":""QID23_5""}","{""ImportId"":""QID23_6""}","{""ImportId"":""QID23_7""}","{""ImportId"":""QID23_8""}","{""ImportId"":""QID23_9""}","{""ImportId"":""QID23_10""}","{""ImportId"":""QID23_11""}","{""ImportId"":""QID23_12""}","{""ImportId"":""QID23_13""}","{""ImportId"":""QID23_14""}","{""ImportId"":""QID23_15""}","{""ImportId"":""QID23_16""}","{""ImportId"":""QID23_17""}","{""ImportId"":""QID23_18""}","{""ImportId"":""QID23_19""}","{""ImportId"":""QID23_20""}","{""ImportId"":""QID23_21""}","{""ImportId"":""QID23_22""}","{""ImportId"":""QID23_23""}","{""ImportId"":""QID23_24""}","{""ImportId"":""QID23_25""}","{""ImportId"":""QID23_26""}","{""ImportId"":""QID23_27""}","{""ImportId"":""QID23_28""}","{""ImportId"":""QID23_29""}","{""ImportId"":""QID23_30""}","{""ImportId"":""QID23_31""}","{""ImportId"":""QID23_32""}","{""ImportId"":""QID23_33""}","{""ImportId"":""QID23_34""}","{""ImportId"":""QID23_35""}","{""ImportId"":""QID23_36""}","{""ImportId"":""QID23_37""}","{""ImportId"":""QID23_38""}","{""ImportId"":""QID6_TEXT""}","{""ImportId"":""QID24_1""}","{""ImportId"":""QID24_2""}","{""ImportId"":""QID24_3""}","{""ImportId"":""QID24_4""}","{""ImportId"":""QID24_5""}","{""ImportId"":""QID24_6""}","{""ImportId"":""QID24_7""}","{""ImportId"":""QID24_8""}","{""ImportId"":""QID24_9""}","{""ImportId"":""QID24_10""}","{""ImportId"":""QID24_11""}","{""ImportId"":""QID24_12""}","{""ImportId"":""QID24_13""}","{""ImportId"":""QID24_14""}","{""ImportId"":""QID24_15""}","{""ImportId"":""QID24_16""}","{""ImportId"":""QID24_17""}","{""ImportId"":""QID24_18""}","{""ImportId"":""QID24_19""}","{""ImportId"":""QID24_20""}","{""ImportId"":""QID24_21""}","{""ImportId"":""QID24_22""}","{""ImportId"":""QID24_23""}","{""ImportId"":""QID24_24""}","{""ImportId"":""QID24_25""}","{""ImportId"":""QID24_26""}","{""ImportId"":""QID24_27""}","{""ImportId"":""QID24_28""}","{""ImportId"":""QID24_29""}","{""ImportId"":""QID24_30""}","{""ImportId"":""QID24_31""}","{""ImportId"":""QID24_32""}","{""ImportId"":""QID24_33""}","{""ImportId"":""QID24_34""}","{""ImportId"":""QID24_35""}","{""ImportId"":""QID24_36""}","{""ImportId"":""QID24_37""}","{""ImportId"":""QID24_38""}","{""ImportId"":""QID17_TEXT""}","{""ImportId"":""QID25_1""}","{""ImportId"":""QID25_2""}","{""ImportId"":""QID25_3""}","{""ImportId"":""QID25_4""}","{""ImportId"":""QID25_5""}","{""ImportId"":""QID25_6""}","{""ImportId"":""QID25_7""}","{""ImportId"":""QID25_8""}","{""ImportId"":""QID25_9""}","{""ImportId"":""QID25_10""}","{""ImportId"":""QID25_11""}","{""ImportId"":""QID25_12""}","{""ImportId"":""QID25_13""}","{""ImportId"":""QID25_14""}","{""ImportId"":""QID25_15""}","{""ImportId"":""QID25_16""}","{""ImportId"":""QID25_17""}","{""ImportId"":""QID25_18""}","{""ImportId"":""QID25_19""}","{""ImportId"":""QID25_20""}","{""ImportId"":""QID25_21""}","{""ImportId"":""QID25_22""}","{""ImportId"":""QID25_23""}","{""ImportId"":""QID25_24""}","{""ImportId"":""QID25_25""}","{""ImportId"":""QID25_26""}","{""ImportId"":""QID25_27""}","{""ImportId"":""QID25_28""}","{""ImportId"":""QID25_29""}","{""ImportId"":""QID25_30""}","{""ImportId"":""QID25_31""}","{""ImportId"":""QID25_32""}","{""ImportId"":""QID25_33""}","{""ImportId"":""QID25_34""}","{""ImportId"":""QID25_35""}","{""ImportId"":""QID25_36""}","{""ImportId"":""QID25_37""}","{""ImportId"":""QID25_38""}","{""ImportId"":""QID19_TEXT""}","{""ImportId"":""QID27_1""}","{""ImportId"":""QID27_2""}","{""ImportId"":""QID27_3""}","{""ImportId"":""QID27_4""}","{""ImportId"":""QID27_5""}","{""ImportId"":""QID27_6""}","{""ImportId"":""QID27_7""}","{""ImportId"":""QID27_8""}","{""ImportId"":""QID27_9""}","{""ImportId"":""QID27_10""}","{""ImportId"":""QID27_11""}","{""ImportId"":""QID27_12""}","{""ImportId"":""QID27_13""}","{""ImportId"":""QID27_14""}","{""ImportId"":""QID27_15""}","{""ImportId"":""QID27_16""}","{""ImportId"":""QID27_17""}","{""ImportId"":""QID27_18""}","{""ImportId"":""QID27_19""}","{""ImportId"":""QID27_20""}","{""ImportId"":""QID27_21""}","{""ImportId"":""QID27_22""}","{""ImportId"":""QID27_23""}","{""ImportId"":""QID27_24""}","{""ImportId"":""QID27_25""}","{""ImportId"":""QID27_26""}","{""ImportId"":""QID27_27""}","{""ImportId"":""QID27_28""}","{""ImportId"":""QID27_29""}","{""ImportId"":""QID27_30""}","{""ImportId"":""QID27_31""}","{""ImportId"":""QID27_32""}","{""ImportId"":""QID27_33""}","{""ImportId"":""QID27_34""}","{""ImportId"":""QID27_35""}","{""ImportId"":""QID27_36""}","{""ImportId"":""QID27_37""}","{""ImportId"":""QID27_38""}","{""ImportId"":""QID21_TEXT""}"
2/16/26 21:11,2/16/26 21:12,100,55,TRUE,2/16/26 21:12,R_1TGkgaH1YF2eViS,,,,,preview,EN,,0,0,0,0,0,0,0,0,0,0,0,0,0,0,0,0,0,0,0,0,0,0,0,0,0,0,0,0,0,0,0,0,0,0,0,0,100,0,,0,0,0,0,0,0,0,0,0,0,100,0,0,0,0,0,0,0,0,0,0,0,0,0,0,0,0,0,0,0,0,0,0,0,0,0,0,0,,0,0,0,0,0,0,0,0,0,0,0,0,0,0,0,0,0,0,0,0,0,0,0,100,0,0,0,0,0,0,0,0,0,0,0,0,0,0,,0,0,100,0,0,0,0,0,0,0,0,0,0,0,0,0,0,0,0,0,0,0,0,0,0,0,0,0,0,0,0,0,0,0,0,0,0,0,,0,0,0,0,0,0,0,0,0,0,0,0,0,0,0,0,0,0,0,0,0,0,0,0,0,0,0,0,0,0,0,0,0,0,0,0,0,100,,0,0,0,0,0,0,0,0,0,0,0,0,0,0,0,0,0,0,0,0,0,0,0,0,0,0,0,0,0,0,0,0,0,0,0,0,100,0,
2/17/26 14:29,2/17/26 14:45,100,930,TRUE,2/17/26 14:45,R_31nAQi3Lm85wqkn,,,,,anonymous,EN,am_test,0,0,0,0,0,0,0,0,0,0,0,5,0,0,17,0,0,0,0,0,0,0,13,0,0,0,0,0,0,0,33,0,32,0,0,0,0,0,,0,0,0,0,0,0,0,0,16,0,0,24,0,0,21,0,13,0,0,0,0,0,0,0,0,0,0,0,0,0,15,0,11,0,0,0,0,0,,0,0,25,0,0,0,0,0,20,0,0,12,0,0,0,0,11,0,0,0,0,0,0,0,0,21,0,0,0,0,0,11,0,0,0,0,0,0,,0,0,0,0,0,0,0,0,0,0,0,21,0,0,19,0,0,0,15,0,0,0,0,0,13,0,15,0,0,17,0,0,0,0,0,0,0,0,,0,18,0,23,0,0,0,0,0,0,0,17,0,0,0,0,0,0,22,0,0,0,0,0,0,0,0,0,0,0,0,20,0,0,0,0,0,0,,0,0,0,0,0,0,0,0,0,0,0,0,0,0,0,0,0,0,0,22,0,0,0,0,0,0,0,23,0,0,0,0,0,0,34,0,0,21,
2/23/26 10:44,2/23/26 11:01,100,1038,TRUE,2/23/26 11:01,R_5cV5sxzxz4R8AmJ,,,,,anonymous,EN,w6559*,0,0,50,15,0,0,0,0,0,0,0,15,0,0,0,0,0,0,15,0,0,0,0,0,0,0,5,0,0,0,0,0,0,0,0,0,0,0,,0,0,0,0,50,0,0,0,15,5,5,0,0,0,0,0,0,0,0,0,0,0,0,0,0,10,5,0,0,0,5,5,0,0,0,0,0,0,,0,15,15,10,10,0,0,0,0,5,0,0,0,0,0,0,15,0,10,0,0,0,0,0,10,0,10,0,0,0,0,0,0,0,0,0,0,0,,0,0,0,0,15,0,0,0,0,15,0,15,0,0,0,0,10,0,20,0,0,0,0,0,0,0,10,0,0,0,0,0,15,0,0,0,0,0,,0,0,25,0,0,0,0,0,0,0,0,0,0,0,0,0,0,0,10,0,0,0,0,0,30,0,0,0,20,15,0,0,0,0,0,0,0,0,,0,0,0,0,0,0,0,0,0,10,10,0,0,0,0,0,0,0,0,0,0,0,0,0,10,20,20,20,0,10,0,0,0,0,0,0,0,0,
2/23/26 10:43,2/23/26 11:02,100,1175,TRUE,2/23/26 11:02,R_1D6JyMjtiFBsX9R,,,,,anonymous,EN,bob495,0,0,80,20,0,0,0,0,0,0,0,0,0,0,0,0,0,0,0,0,0,0,0,0,0,0,0,0,0,0,0,0,0,0,0,0,0,0,,0,0,0,0,0,0,0,0,0,0,0,0,0,0,0,0,0,0,0,0,0,0,0,0,0,0,0,0,0,0,80,10,10,0,0,0,0,0,,0,0,0,60,0,0,0,0,0,0,0,15,0,0,0,0,0,0,15,0,0,0,0,0,0,0,0,0,0,0,0,10,0,0,0,0,0,0,,0,30,0,0,0,0,0,0,0,0,0,50,0,0,0,0,0,0,20,0,0,0,0,0,0,0,0,0,0,0,0,0,0,0,0,0,0,0,,0,0,0,0,0,0,0,0,0,0,0,0,0,0,0,0,0,0,0,0,0,0,0,0,60,0,0,0,0,0,30,10,0,0,0,0,0,0,,0,0,0,0,20,0,0,0,0,0,30,0,0,0,0,0,0,0,0,0,0,0,0,0,0,0,0,50,0,0,0,0,0,0,0,0,0,0,"None of the available distribution maps capture the core area used by the Farallon population from the shelf break between Point Reyes, Big Sur, and Davidson Seamount while excluding anything N of Point Reyes. Only the southern CA breeders are captured by these representative species. "
2/23/26 10:44,2/23/26 11:05,100,1291,TRUE,2/23/26 11:06,R_12xJdnAvWF0o34V,,,,,anonymous,EN,caau14,0,0,20,15,0,0,0,0,0,0,0,5,0,0,0,0,0,0,10,0,0,0,0,0,0,0,0,0,0,0,30,20,0,0,0,0,0,0,,0,0,0,0,10,0,0,0,0,5,15,10,0,0,10,0,0,0,0,0,0,0,0,0,20,0,0,0,0,0,30,0,0,0,0,0,0,0,,0,20,0,0,30,0,0,0,0,5,0,0,0,0,0,0,15,0,0,0,0,0,0,0,0,0,0,0,0,0,15,5,10,0,0,0,0,0,,0,0,0,0,0,5,0,0,0,5,0,30,30,0,0,0,5,0,0,0,0,0,0,0,15,0,0,0,0,0,10,0,0,0,0,0,0,0,,0,0,0,0,0,0,0,0,0,0,0,0,0,0,0,0,0,0,0,0,0,0,0,0,15,0,18,0,15,15,20,17,0,0,0,0,0,0,,0,0,0,0,0,0,0,0,0,0,5,0,0,0,10,0,0,0,0,0,0,0,0,0,15,0,15,15,0,10,10,10,0,10,0,0,0,0,"for species that have more northern habitat extents - I would focus on the hybrid distributions that are south of Point Arena only (i.e., truncate your SDM mashup at 39 deg N)"
2/23/26 10:44,2/23/26 11:06,100,1351,TRUE,2/23/26 11:06,R_3rBUZLqGZ4nc8Uh,,,,,anonymous,EN,C1A2T3,0,0,45,0,0,0,0,0,0,0,0,0,0,0,0,0,0,0,0,10,0,0,0,0,0,0,0,45,0,0,0,0,0,0,0,0,0,0,,0,40,0,0,25,0,0,0,5,0,10,0,0,0,0,0,0,0,0,0,0,0,0,0,0,0,0,0,0,0,20,0,0,0,0,0,0,0,,0,40,0,17,0,0,0,0,0,0,0,5,0,0,0,0,0,0,0,0,0,0,0,0,38,0,0,0,0,0,0,0,0,0,0,0,0,0,,0,0,0,0,0,0,0,0,0,0,0,5,0,0,0,5,30,0,10,0,0,0,0,0,20,0,0,0,0,0,30,0,0,0,0,0,0,0,,0,15,0,0,0,0,0,0,0,0,0,0,0,0,0,0,0,0,0,0,0,0,0,0,65,0,0,20,0,0,0,0,0,0,0,0,0,0,,0,0,0,0,20,0,0,0,0,0,40,0,0,0,10,0,0,0,0,0,0,0,0,0,0,0,0,25,0,0,0,0,0,0,0,0,0,5,
2/23/26 10:36,2/23/26 11:07,100,1837,TRUE,2/23/26 11:07,R_6cyKB6EsU0qSiOZ,,,,,anonymous,EN,JJ69J7,0,0,20,20,0,0,0,0,0,0,0,20,0,0,20,0,20,0,0,0,0,0,0,0,0,0,0,0,0,0,0,0,0,0,0,0,0,0,,0,0,0,0,20,0,0,0,20,0,0,0,0,0,0,0,0,0,0,0,0,0,0,0,0,0,0,0,0,0,20,20,20,0,0,0,0,0,,0,0,25,25,0,0,0,0,25,0,0,0,0,0,0,0,0,0,25,0,0,0,0,0,0,0,0,0,0,0,0,0,0,0,0,0,0,0,,0,0,25,25,0,0,0,0,0,0,0,25,0,0,0,0,0,0,25,0,0,0,0,0,0,0,0,0,0,0,0,0,0,0,0,0,0,0,,0,30,0,0,0,0,0,0,0,0,0,0,0,0,0,0,0,0,0,0,0,0,0,0,30,0,0,0,0,0,20,20,0,0,0,0,0,0,,0,0,0,0,40,0,0,0,0,0,0,0,0,0,0,0,0,0,0,0,0,0,0,0,0,0,0,30,0,0,0,0,0,30,0,0,0,0,
2/23/26 10:43,2/23/26 11:10,100,1626,TRUE,2/23/26 11:10,R_1elVmtTHEgd1GK7,,,,,anonymous,EN,K7V9X2,0,0,50,10,0,0,0,0,0,0,0,15,0,0,0,0,0,0,0,0,0,0,0,0,0,0,0,0,0,0,15,10,0,0,0,0,0,0,,0,0,0,0,40,20,0,0,0,0,20,0,0,0,0,0,0,0,0,0,0,0,0,0,0,0,0,0,0,0,20,0,0,0,0,0,0,0,,0,0,10,0,0,0,0,0,0,0,0,0,0,0,0,0,0,0,0,0,0,0,0,0,10,25,0,0,0,0,40,0,15,0,0,0,0,0,,0,0,0,0,20,0,0,0,0,0,0,30,0,0,0,0,0,0,0,0,0,0,0,0,10,25,0,0,0,0,15,0,0,0,0,0,0,0,,0,0,0,0,0,0,0,0,0,0,0,0,0,0,0,0,0,0,0,0,0,0,0,0,50,0,20,0,20,10,0,0,0,0,0,0,0,0,,0,0,0,0,25,0,0,0,0,0,35,0,0,0,0,0,0,0,0,0,0,0,0,0,0,0,0,15,0,0,25,0,0,0,0,0,0,0,
2/23/26 10:43,2/23/26 11:12,100,1766,TRUE,2/23/26 11:12,R_3qsNkwgq8e1rRLq,,,,,anonymous,EN,KMZ831,0,0,75,5,0,0,0,0,0,0,0,0,0,0,0,0,0,0,5,0,0,0,0,0,0,5,0,0,5,0,0,5,0,0,0,0,0,0,,0,0,0,0,50,0,0,0,5,0,45,0,0,0,0,0,0,0,0,0,0,0,0,0,0,0,0,0,0,0,0,0,0,0,0,0,0,0,,0,0,0,35,0,0,0,0,0,0,0,0,0,0,0,0,0,0,0,0,0,0,0,0,0,5,0,0,0,0,0,60,0,0,0,0,0,0,,0,0,0,0,0,0,0,0,0,0,0,25,0,0,0,0,0,0,0,0,0,0,0,0,0,0,40,0,35,0,0,0,0,0,0,0,0,0,,0,0,5,0,0,0,0,0,0,0,0,0,0,0,0,0,0,0,0,0,0,0,0,0,80,0,5,0,5,5,0,0,0,0,0,0,0,0,,0,0,0,0,0,0,0,0,0,0,15,0,0,0,0,0,0,0,0,35,0,0,0,0,0,0,0,40,0,0,0,0,0,10,0,0,0,0,
2/23/26 10:43,2/23/26 11:20,100,2216,TRUE,2/23/26 11:20,R_3puIzGxbqYNjFlm,,,,,anonymous,EN,WILKE4,0,0,0,67,0,0,0,0,0,0,0,0,0,0,0,0,0,0,0,0,0,0,0,0,0,0,0,0,0,0,16,17,0,0,0,0,0,0,,0,0,25,25,0,0,0,0,0,0,0,0,0,0,0,0,0,0,0,0,0,0,0,0,0,0,0,0,0,0,0,50,0,0,0,0,0,0,,0,0,0,0,0,0,0,0,0,0,0,0,0,0,0,0,0,0,0,0,0,0,0,0,0,50,33,0,0,0,0,17,0,0,0,0,0,0,,0,0,0,0,0,0,0,0,0,0,0,0,0,0,0,0,0,0,0,0,0,0,0,0,0,0,0,0,0,0,34,33,33,0,0,0,0,0,,0,0,50,25,0,0,0,0,0,0,0,25,0,0,0,0,0,0,0,0,0,0,0,0,0,0,0,0,0,0,0,0,0,0,0,0,0,0,,0,0,0,0,0,0,0,0,0,0,20,0,0,0,0,0,0,0,0,0,0,0,0,0,0,0,0,20,0,0,60,0,0,0,0,0,0,0,This feels like the most challenging combination!
2/23/26 10:43,2/23/26 11:20,100,2215,TRUE,2/23/26 11:20,R_10eid8o6N4mpddT,,,,,anonymous,EN,603SBI,0,0,75,15,0,0,0,0,0,0,0,0,0,0,0,0,0,0,0,0,0,0,0,0,0,0,0,0,0,0,0,0,10,0,0,0,0,0,,0,35,0,5,15,0,0,0,0,0,0,0,0,0,0,0,0,0,0,0,0,0,0,0,0,0,0,0,0,0,30,15,0,0,0,0,0,0,,0,0,25,50,0,0,0,0,0,0,0,25,0,0,0,0,0,0,0,0,0,0,0,0,0,0,0,0,0,0,0,0,0,0,0,0,0,0,,0,0,40,10,0,0,0,0,0,0,0,50,0,0,0,0,0,0,0,0,0,0,0,0,0,0,0,0,0,0,0,0,0,0,0,0,0,0,,0,0,0,0,0,0,0,0,0,0,0,0,0,0,0,0,0,0,0,0,0,0,0,0,50,0,15,15,10,10,0,0,0,0,0,0,0,0,,0,25,0,0,0,0,0,0,0,0,20,0,0,0,5,0,0,0,0,0,0,0,0,0,0,0,25,25,0,0,0,0,0,0,0,0,0,0,
2/23/26 10:45,2/23/26 11:25,100,2420,TRUE,2/23/26 11:25,R_1qJvrCGHNMCzWG7,,,,,anonymous,EN,SL04P4,0,0,30,10,0,0,0,0,0,0,0,0,0,0,15,0,0,0,0,0,0,0,0,0,0,0,0,0,0,0,35,0,10,0,0,0,0,0,,0,0,0,0,20,0,0,0,30,0,15,0,0,0,0,0,0,0,0,0,0,0,0,0,0,0,0,0,0,0,35,0,0,0,0,0,0,0,,0,0,0,0,0,0,0,0,0,0,0,15,0,0,0,0,0,0,0,0,0,0,0,0,25,0,0,0,0,0,25,0,35,0,0,0,0,0,,0,0,0,0,0,0,0,0,0,0,0,25,10,0,0,0,35,0,0,0,0,0,0,0,0,0,0,0,0,0,0,0,30,0,0,0,0,0,,0,0,0,20,0,0,0,0,0,0,0,0,0,0,0,0,0,0,0,0,0,0,0,0,70,0,10,0,0,0,0,0,0,0,0,0,0,0,,0,0,0,0,15,0,0,0,25,0,20,0,0,0,0,0,0,0,0,0,0,0,0,0,0,0,0,40,0,0,0,0,0,0,0,0,0,0,
2/23/26 10:43,2/23/26 11:28,100,2729,TRUE,2/23/26 11:29,R_1qBFw3lPRxuh7Zf,,,,,anonymous,EN,BRD703,0,0,90,5,0,0,0,0,0,0,0,5,0,0,0,0,0,0,0,0,0,0,0,0,0,0,0,0,0,0,0,0,0,0,0,0,0,0,,0,0,0,0,0,0,0,0,50,0,35,0,0,0,0,0,0,0,0,0,0,0,0,0,0,0,0,0,0,0,0,0,0,15,0,0,0,0,"This one was surprisingly difficult, because there aren't really great analogs for Cassin's amongst the other species. I based things primarily on spatial distribution closeness in hte maps, even if that doesn't necessarily translate to spatial co-occurence on a colony or at sea....",0,0,20,5,0,0,0,0,0,0,0,20,0,0,0,0,0,0,10,0,0,0,0,0,25,10,10,0,0,0,0,0,0,0,0,0,0,0,,0,0,25,15,0,0,0,0,0,0,0,25,0,0,0,0,0,0,20,0,0,0,0,0,10,0,0,0,5,0,0,0,0,0,0,0,0,0,,0,0,0,0,0,0,0,0,0,0,0,0,0,0,0,0,0,0,5,0,0,0,0,0,20,0,10,0,15,20,0,30,0,0,0,0,0,0,Another tricky one for me - trying to approximate distribution even though this doesn't necessarily translate exactly to spatial co-occurrence at same time. ,0,0,0,0,0,0,0,0,0,0,0,0,0,0,0,0,0,0,0,0,0,0,0,0,0,0,0,35,0,0,25,0,0,40,0,0,0,0,"I chose PFSH, but I note that one has to ignore the OR/WA portions of PFSH distribution (because that is typically considered outside the normal range of ASSP, if I am not mistaken). And I have least personal knowledge of ASSP."