StartDate,EndDate,Progress,Duration (in seconds),Finished,RecordedDate,ResponseId,RecipientLastName,RecipientFirstName,RecipientEmail,ExternalReference,DistributionChannel,UserLanguage,Q13,Q1,Q8,Q9,Q11,Q3,Q4,Q14
Start Date,End Date,Progress,Duration (in seconds),Finished,Recorded Date,Response ID,Recipient Last Name,Recipient First Name,Recipient Email,External Data Reference,Distribution Channel,User Language,Please enter your unique identifier below,In which method did you feel more confident in the estimates you produced?,Which method was easier and more intuitive for you to use?,Which method better allowed you to effectively apply your expertise?,"If asked to participate in a future expert elicitation exercise for species distribution estimates, which elicitation method would you prefer to use?","Based on your experience responding to the surveys, what do you think are the relative strengths of these two methods to elicit data of this type?","Based on your experience responding to the surveys, what do you think are the relative limitations of these two methods to elicit data of this type?",Do you have any other comments?
"{""ImportId"":""startDate"",""timeZone"":""America/Los_Angeles""}","{""ImportId"":""endDate"",""timeZone"":""America/Los_Angeles""}","{""ImportId"":""progress""}","{""ImportId"":""duration""}","{""ImportId"":""finished""}","{""ImportId"":""recordedDate"",""timeZone"":""America/Los_Angeles""}","{""ImportId"":""_recordId""}","{""ImportId"":""recipientLastName""}","{""ImportId"":""recipientFirstName""}","{""ImportId"":""recipientEmail""}","{""ImportId"":""externalDataReference""}","{""ImportId"":""distributionChannel""}","{""ImportId"":""userLanguage""}","{""ImportId"":""QID13_TEXT""}","{""ImportId"":""QID5""}","{""ImportId"":""QID8""}","{""ImportId"":""QID9""}","{""ImportId"":""QID11""}","{""ImportId"":""QID3_TEXT""}","{""ImportId"":""QID4_TEXT""}","{""ImportId"":""QID14_TEXT""}"
2/23/26 11:32,2/23/26 11:38,100,347,TRUE,2/23/26 11:38,R_7MATCUmcdRlRTLb,,,,,anonymous,EN,K7V9X2,Somewhat favor Survey 1 (direct method),Somewhat favor Survey 2 (indirect method),No difference between methods,No preference,"The direct method shows the immediate production a map, while the indirect method helps to leverage existing knowledge about other species. ","A limitation of the indirect method was that I could not actually ""see"" the map that is produced. A limitation of the direct method was that I did not have time to be as fine-scale and exact as perhaps was needed. ",
2/23/26 11:32,2/23/26 11:39,100,402,TRUE,2/23/26 11:39,R_6EQ3LnbXHbHdClI,,,,,anonymous,EN,KMZ831,Strongly favor Survey 2 (indirect method),Strongly favor Survey 2 (indirect method),Somewhat favor Survey 2 (indirect method),Indirect method,"The direct method allows you to be much more specific - this is great if you're truly an expert in the species, but if you just have general knowledge of species distributions for that species, it can be really difficult to estimate the range - especially the 50%. The indirect method allows folks who aren't necessarily experts in a specific species to apply their overall knowledge in selecting species distribution maps they find similar to the target species. ","I think the direct method has greater limitations because you need to be more precise (good if you have the ability to be, bad if you're not an expert in that species). For the indirect method, the limitation is in determining the % for each similar species. It's not hard to decide which species distributions are similar, it's more difficult to assign percentages and feel like you're getting those correct. ","I was really hesitant at first to participate because the direct method felt very overwhelming since I'm not an ""expert"" in any of the target species. I much prefer the indirect method. "
2/23/26 11:32,2/23/26 11:39,100,415,TRUE,2/23/26 11:39,R_5aWtsPNyH93D2c9,,,,,anonymous,EN,C1A2T3,Somewhat favor Survey 2 (indirect method),Strongly favor Survey 2 (indirect method),Somewhat favor Survey 1 (direct method),No preference,"Type 1 captured the bounds of particular habitats, while Type 2 provided context for habitat preferences. For example, by drawing the bounds we can provide the limits of their densities, but by providing what functional groups and other species ranges can provide information on what depth, SST, and other characteristics of their preferred habitat that can help with developing SDMs.","Yes, Type 1 is too coarse for any fine scale spatial planning. Type 2 relies on the data quality of other species, which may not be robust, and you will miss any unique habitat/life history characteristics of the species under investigation.","I think there should be an additional step. Where, either using Type 1 or 2, a species distribution map is made of the 3 bins (range, 95, 50) and then they are shared with the experts to evaluate how well they did, and if there are any mistakes (perhaps it captured an area that's well known for low densities, or failed to capture an offshore seamount, etc). "
2/23/26 11:32,2/23/26 11:39,100,433,TRUE,2/23/26 11:39,R_57k6MPQ7z4UEXDP,,,,,anonymous,EN,caau14,Somewhat favor Survey 2 (indirect method),Somewhat favor Survey 2 (indirect method),Somewhat favor Survey 1 (direct method),No preference,"direct method allowed me to visualize the habitat layers to hone in on important features and to highlight what I thought were important hotspot areas using the 50% core polygon; being familiar with the species distributions in Leirness - the indirect approach allowed me to consider these species of interest while considering co-occurring species (personal observation at sea) and species that share LH traits (affinity for shelf break - similar diet, etc.)",i feel a little biassed by having had the opportunity to view the SDMs and be involved in that discussion previously,not at this time - thanks!
2/23/26 11:32,2/23/26 11:40,100,508,TRUE,2/23/26 11:40,R_3U3Bz8JtlVLvuu9,,,,,anonymous,EN,SL04P4,Somewhat favor Survey 1 (direct method),No difference between methods,Somewhat favor Survey 1 (direct method),No preference,"Survey 1 allows for more precision in mapping, especially when it is difficult to find a strong surrogate like Survey 2 relies on. Survey 2 works great when there are good surrogates available. Some of the species were easier to assess and quickly score in Survey 2.",Survey 1 is more labor and computing intensive. It was difficult to generate precise polygons when doing it against a clock in a workshop format. Survey 1 would work better if there was more time to generate polygons. Survey 2 is limited for some species if there are not great surrogates available. Ashy Storm-Petrel was a tough one to use Survey 2 for due to its limited range that does not overlap well with other species.,
2/23/26 11:32,2/23/26 11:41,100,515,TRUE,2/23/26 11:41,R_5I4rZqS66w8mVnH,,,,,anonymous,EN,bob495,Somewhat favor Survey 1 (direct method),Somewhat favor Survey 2 (indirect method),Somewhat favor Survey 1 (direct method),No preference,"The direct method allows for flexibility in defining broad trends in distribution, and for locally breeding species with limited ranges the ability to define specific regions of core use. The indirect method allows for a higher resolution of distributional trends, but is does not do a good job at defining species with limited ranges if a representative species does not exist (example ashy storm-petrel). ","Drawing the polygons is likely heavily biased by the source material (unless that was deliberate?). For species that I was less familiar with, I found myself relying more on eBird sightings to inform my response. ","A combination of both methods, indirect for broad patterns and direct for unique special cases, seems like the best approach. "
2/23/26 11:32,2/23/26 11:41,100,506,TRUE,2/23/26 11:41,R_14E0KcN5HrwhEU9,,,,,anonymous,EN,w6559*,No difference between methods,Somewhat favor Survey 1 (direct method),Strongly favor Survey 1 (direct method),Direct method,"Direct allows for greater precision in estimates, but requires greater knowledge.  Indirect may be better for domain with really poor data/knowledge, and where ""taxonomic similarity"" (my take on method 2) is needed.  We don't really know, though, if method 2 is correct...e.g., if one used Red necked PH for Red PH the answer would be mostly wrong.  I also like the direct approach as it allows for mapping ""hotspots"" of abundance/density, which are very important to protect for conservation. I don't know if the Method1  ""range"" vs ""95% contours"" are different enough to be worth doing both (probably not). ","See above.  Method 1 is based on expertise, whereas Method 2 reflects ""logical guesswork"", and a lot more knowledge, actually, on many species.",I'll be interested to see the results.
2/23/26 11:32,2/23/26 11:42,100,593,TRUE,2/23/26 11:42,R_6RaExK1En74j9Dd,,,,,anonymous,EN,JJ69J7,Somewhat favor Survey 1 (direct method),Somewhat favor Survey 1 (direct method),Somewhat favor Survey 1 (direct method),No preference,"The direct method allows users to apply expert judgment to define areas representing the 95% and 50% distributions based on assumed relationships with covariates such as bathymetry, productivity, temperature, latitude, and distance to shore. While creating these surfaces manually would be challenging, the tool allows users to generate distribution maps that reflect their expert assumptions.

In the second method, users select species with distributions that may resemble the expected pattern for the species of interest. However, no single species may match the desired combination of characteristics, and even using multiple species may not adequately represent the expected distribution.","In the direct method, the main limitation is the user’s ability to accurately delineate the appropriate area. In the indirect method, it can be difficult to select another species’ distribution that adequately represents the expected pattern based on observations.",
2/23/26 11:32,2/23/26 11:42,100,604,TRUE,2/23/26 11:42,R_50crGIgnLt4XBfL,,,,,anonymous,EN,BRD703,No difference between methods,No difference between methods,Somewhat favor Survey 2 (indirect method),No preference,"Method 1 (direct) allows a lot more flexibility for personal experience on surveys. You can, for example, highlight or work around specific bathymetric features, which are often important for at-sea surveys. Method 2 was a little easier in the send you are comparing maps visually, which can be done relatively more rapidly, at least for me. ","For both methods, I had to take more time on the first couple of examples to understand what I (think I was) supposed to do. That may have meant a bit of uneven effort across the species we were asked to evaluate. For Method 1, having some practice making shapes was really what took the longest to figure out. For Method 2, it was hard to compare distributions when we could really only see one map at a time, and we coudldn't sort thru them. If there were a way, in Method 2, to select certain maps to ""keep"" and compare and throw the other maps into a ""not relevant"" pile, it might have helped. Also, with some of the maps. there were situations where I felt a subset of a distribution for a non-target species was highly relevant, but part of it wasn't because it was out of range of the target specie (for example). I wasn't sure what to do with that so I made a note.","Maybe it was just me, but I found this a pretty brain-intensive exercise coming in first thing in the morning. Lots of brain energy trying to figure out how to take the surveys. But I think the facilitators did the best job they could for the time and group here. You may have issues because I noticed a number of folks weren't there for the beginning so not sure how that would bias result. "
2/23/26 11:32,2/23/26 11:47,100,892,TRUE,2/23/26 11:47,R_6o0EJx45ydGUAA9,,,,,anonymous,EN,WILKE4,Somewhat favor Survey 1 (direct method),Strongly favor Survey 1 (direct method),Somewhat favor Survey 1 (direct method),Direct method,"I felt I had a greater ability to input my own personal knowledge - based on the lit and our own research - into the direct method, being sure to incorporate areas (e.g. Cordell Bank, the shelf break) where I know large concentrations of the species in question occurs. The indirect method seemed quicker and perhaps better for species in which we have less information. Some species - which I've not worked with quantitatively but have ""the gist"" of their distribution from survey work or pelagic trips - felt easier to estimate this way based on relative relationships with other species (e.g., I tend to see LAAL farther offshore than BFAL).","I've spent a good deal of time on vessels in the NCC and felt confident directly outlining areas for species with northern affinities (e.g., NOFU) based on my own observations and knowledge. I'm less familiar with species like ASSP, so found the direct method more challenging than the indirect method for species in which I have little personal knowledge. However, when using the indirect method, particularly for species with strong latitudinal or bathymetric relationships, I felt uncertain how the model averaging-type approach would work and I felt less confident that particularly important areas/regions would be incorporated","Greater clarity on how the indirect method actually functioned would be helpful. Some of the species I ""mixed"" had similar distributions, but at different times of the year. I know we're working with distributions across seasons here, but a greater visibility of the process would help me feel more confident in my answers if this were to be used officially"
2/23/26 11:32,2/23/26 11:47,100,926,TRUE,2/23/26 11:47,R_51L7vHabxvgRjlS,,,,,anonymous,EN,603SBI,Somewhat favor Survey 2 (indirect method),Somewhat favor Survey 2 (indirect method),Somewhat favor Survey 2 (indirect method),Indirect method,Direct method allows for individual expertise to apply information on a given spp. Indirect allows to draw on known spp information to elicit responses as well as combine in areas where there are data gaps. ,A given participants knowledge of target spp. would be a limitation for both methods.  Trying to hone in (draw) the spatial data in the direct method was a little challenging with the geographic size of the ranges.  The indirect method wasn't always easy to find suitable ranges that matched up.  Being able to delineate which portions of range for spp selected a participant was looking at would be helpful. ,None currently 